"conversation_id","xsim_h2a","human_res","human_nov","ai_nov","creativity_originality","creativity_surprisingness","coherence_element_consistency","coherence_logical_progression","creativity","coherence"
"conv_006cb479-ccd3-40d1-83fb-4b614573f636",0.72253461529051,-1.35729924663882,-2.12031884463509,-1.91552886657593,3,5,4.5,5,4,4.75
"conv_02b6fce3-98d8-456f-b0e8-3708b9ca1968",0.73607682413675,-0.676316783373807,-1.64126388193598,-2.70574669433411,3.5,5,5,5,4.25,5
"conv_07ec1a21-00a8-494b-9747-ef2f719abd5a",0.716684576022071,-0.495111068037857,-1.7270660697022,-3.2565073799679,2.5,4.5,4.5,4.5,3.5,4.5
"conv_11293fd2-d757-471f-8e2e-783542167a8e",0.689656654470084,-1.16916172596297,-1.99750952916506,-2.84776103588575,4,4,4,4.5,4,4.25
"conv_155f7493-3058-435d-a672-40e7e8ec213a",0.667417286559203,-0.610335599456667,-1.73671943008668,-3.17756175589428,4.5,3,3.5,3.5,3.75,3.5
"conv_18be1999-da21-4ab6-8f9e-e52e6d9c8070",0.67592799018971,-1.40733040622039,-2.15757439146957,-2.68114464729401,2.5,4,4,3.5,3.25,3.75
"conv_193bbf9f-e759-475a-ae86-76613053567a",0.70365053294139,-0.342419944690863,-1.69314058046253,-2.83902204295721,4,2.5,3.5,3.5,3.25,3.5
"conv_1a776856-1876-44eb-b0f6-31b31250ddca",0.708182783291332,-0.742933102384811,-1.74510585512639,-2.35657328871249,4.5,5,5,5,4.75,5
"conv_20c3db22-5b6d-42fa-bdee-f1e1a84fe6e8",0.654110597454393,-1.10629482472249,-2.11537351361047,-2.81352598334118,3,3,3.5,4.5,3,4
"conv_23ed55f8-cc91-439f-8c8e-e24f66457596",0.688013106526564,-0.853929203413964,-1.83445718176173,-3.499876760119,3,4,3,4,3.5,3.5
"conv_29031421-8265-472f-b4ce-f147dd80edca",0.719205030027678,-0.99955691431657,-2.06986960743309,-3.23673640365972,4,4.5,4,4.5,4.25,4.25
"conv_2ce635fa-cb6c-424f-9565-859a944eed92",0.695152771447911,-0.329024098156444,-1.47847873860228,-3.14920158531823,4.5,4.5,3.5,4.5,4.5,4
"conv_2f306db5-d066-4651-b17c-762d7f601570",0.661946953988434,-1.04101936235911,-1.87796115364268,-2.65441070262537,3,4,3.5,4,3.5,3.75
"conv_328804bd-df9e-47da-ad43-e4da646b9ceb",0.702711238141817,-1.37762508933776,-2.4001855287801,-2.49694983472543,2,4.5,4,4.5,3.25,4.25
"conv_33502e38-922d-4e7d-a252-ab236947c3d2",0.646636308250788,-0.940058971014966,-1.89140397465825,-2.09162695700358,4,4.5,4,4,4.25,4
"conv_3b65e0a1-1bf7-4f16-825f-63867d60f8d3",0.73121429543856,-0.313157095499234,-1.29318559155009,-2.97353704321306,3,3,3,3.5,3,3.25
"conv_3c43f51a-ffcf-4161-8d6d-b76bf669acb6",0.705512314462018,-0.503083826662752,-1.52877562863302,-2.5536160630545,5,4.5,5,5,4.75,5
"conv_3c5b888e-d991-4bce-adad-5584923b75b5",0.722069842992409,-0.284269178400664,-1.42106543138356,-3.08361055235419,5,3,3.5,3.5,4,3.5
"conv_40197f84-33aa-433b-93b1-045691051ebc",0.746124216939848,-1.29973997713053,-2.26926978665048,-2.78797035227653,2,4,3,5,3,4
"conv_41180468-5036-4f69-af66-b7465bcb7316",0.719582365908239,-0.605097133842723,-1.97738179996725,-3.65643409685855,4.5,4,3,3.5,4.25,3.25
"conv_412eb7ca-cafa-4e38-8b2d-0a40272af090",0.649933917993188,-0.928050716775726,-1.98801487963121,-3.03582890548154,3.5,5,4.5,5,4.25,4.75
"conv_46b5cd4c-130a-4b4c-84e1-30f78572d0bb",0.645572388995073,-0.452333975356783,-1.41533830207741,-2.49474101892281,3,4.5,4,4,3.75,4
"conv_47dd4912-f9ef-4d2c-a033-aeb851e8f164",0.69162292369181,-1.62725222550919,-2.11152060643275,-2.09440411304792,3,5,5,5,4,5
"conv_47df141a-738b-422a-8ad6-f222255c695e",0.652578620074723,-0.114517724208763,-1.37186993402561,-2.99471762784593,4.5,3,4.5,3,3.75,3.75
"conv_491b62e9-789d-4b72-b887-557f2ccffc18",0.740110766740723,-0.628546225495764,-1.72817332222476,-2.74271881471908,4,5,3.5,5,4.5,4.25
"conv_49c214f3-8828-46e2-b76b-6c4f3ccaf016",0.729877205787884,-0.918422340000707,-2.1667167852378,-2.65340843171804,1.5,5,5,5,3.25,5
"conv_4aa46faf-273a-4707-be30-a0b216440d87",0.698777000316483,-0.973540466674419,-1.81255777554423,-2.64648428163291,2,3.5,4,4.5,2.75,4.25
"conv_4d1bd73a-bbc9-4e37-8ba0-3cdd7adbc66a",0.680269792277274,-1.65253685097165,-2.54653439255975,-3.05654390701371,5,2,3,2.5,3.5,2.75
"conv_58838068-7cd4-4f6c-b158-aabb542ab4b9",0.70822295054411,-1.0814904990139,-1.95083714697484,-3.33832517076655,5,4.5,4,5,4.75,4.5
"conv_58c2f2e6-db2a-406d-9bc9-04aaf1b0c35a",0.624595766610942,-1.59103777593578,-2.5068382271331,-2.64556080151133,2,5,4.5,5,3.5,4.75
"conv_5b956e03-a900-47aa-88a9-54cb6be40071",0.716869174732211,-1.75256411113839,-2.55891623497678,-2.87089402513699,4.5,2.5,4,3.5,3.5,3.75
"conv_5e234f25-eb78-4ec3-8113-c66645149ddc",0.661699478051872,-0.415684627065968,-1.48883176818198,-2.55000743851614,4.5,5,5,5,4.75,5
"conv_5f17f002-84ad-4315-8c69-20ec83de1223",0.717022369333452,-0.32960515466745,-1.28925888575272,-2.57761844541709,2.5,4.5,2,5,3.5,3.5
"conv_61dd4f08-b460-4c98-8368-fb09762cbe5e",0.611718334814391,-0.863956236276719,-1.86571585453859,-3.06338463940514,2,4,1,4,3,2.5
"conv_62a271e6-a272-4e74-9d10-2dc0c15c530f",0.661986288626303,-1.47798946900387,-2.25380929417429,-2.32515562834973,4,5,4.5,5,4.5,4.75
"conv_634a773b-4e50-4e24-87f3-a5fbebcc6d74",0.671207235955418,-1.06945347815666,-2.04692807206487,-2.68548354681583,2,4.5,3.5,4.5,3.25,4
"conv_68f643620b5081968ccd202f0b32a9250787a797b4322e0b",0.713956311068675,-0.78926246962853,-1.53473041056853,-1.73739486511154,1.5,4.5,3.5,5,3,4.25
"conv_68f73dbdcc8081958c0890edef7c670804df05d299f21c4d",0.71371940930972,-0.569426994964734,-1.24322214408162,-1.66785589882196,2,4,5,4,3,4.5
"conv_68f8cb66e7d0819089538cdf28e940fb0be0c7c5bc28f178",0.673514966318204,-1.44950550310304,-2.10167734916326,-2.37151468883195,1.5,5,4.5,5,3.25,4.75
"conv_6910e16399d48194987708b3589ca9eb0edd24df36992831",0.648355607651596,-0.728334559016702,-1.7109227883927,-2.62667584056756,5,3,2.5,4,4,3.25
"conv_69120b0be9a881908567c1dfa912a6d90a309a13d5ea8eef",0.666165655556244,-0.940475984115563,-1.69854208134303,-2.44773010802425,2.5,4,3.5,4,3.25,3.75
"conv_691249fd97308197b06e97ca5d649f45080645ae33d1bf00",0.655532297455061,-0.319292476918299,-1.54833097972991,-2.79647980795966,3.5,3,2,3,3.25,2.5
"conv_6912d3d2074c8197adc6c9e56408225c0a4f5cb536497774",0.672235562568412,-0.947729115809249,-2.10292030132477,-2.82839097788016,3.5,4,3,4,3.75,3.5
"conv_69160b265818819398e86c4bd8abc0080d0aba9e942fed0d",0.636284377784076,-1.34619732535021,-2.45328610055425,-2.71547227794332,3,2,2.5,3,2.5,2.75
"conv_6917421066d8819592863132f4a141a00078d2d8d630f704",0.730590428231617,-1.05138783241015,-1.92272996891544,-2.46353450180703,2.5,3.5,3,3.5,3,3.25
"conv_691b61ab394c819483ac4af28c7f29d00b3e16b70554a02a",0.702264902041156,-1.00897996869228,-2.15642628952103,-2.95828716961943,5,4.5,5,4.5,4.75,4.75
"conv_691b6cdacf7881969d8f99f8456a61890249fb5f6bbd90ca",0.655503516161432,-0.663770030129749,-1.71339028409215,-2.60828285972994,3,5,5,4,4,4.5
"conv_691b7e95a50c8195930023ad653f234c0f03c18c9e706226",0.718340406123944,-1.66208204911472,-2.59241472669564,-2.64336349006183,3.5,4.5,4.5,4,4,4.25
"conv_691b8b725ae48193abaaaa9270b26d500f7b1fcbf105c42b",0.678968262174952,-0.762205372555082,-2.09907260517177,-2.80791344439448,1.5,5,4,5,3.25,4.5
"conv_691baa2b46788193b872ed7306db511f03e0f1b6d7bfd4c7",0.744308348175507,-1.08221735158855,-2.23880816844079,-2.63312173894975,2,4.5,4.5,3.5,3.25,4
"conv_691c84edfb24819590a3e29782cdd10d03ba8eb739f774a6",0.623894383630444,-0.636936685439059,-1.70155610688277,-2.71091779785204,5,4,4,4,4.5,4
"conv_691dc7c061d8819797504b613ba6691208409e48769ea891",0.688164760356234,-0.615893260016636,-1.42573814502383,-2.45049793056494,2,3,4,3,2.5,3.5
"conv_691dc83ec728819085d614247e77833604d03bd64a490dfd",0.690331239204527,-1.50905536554407,-2.41637366387705,-3.30896940411357,4,3.5,1.5,3.5,3.75,2.5
"conv_691e9e26b7688197a86e51a9d9a7dfe1052dd4511749a606",0.61440007055938,-0.82671835578134,-1.6451738083068,-2.7739907675954,2,3.5,4,4,2.75,4
"conv_691f065bc31481969cdbdc53f0ca1d3b03f44f568e358927",0.697448356582303,-0.832360557904945,-1.56944574088677,-2.36517653844935,3,3,2.5,4,3,3.25
"conv_691f06855a5c819598fe92033194bb530743467f5002fa62",0.71177875906413,-1.23625233737697,-2.17505546222549,-2.56752573346296,3.5,5,4.5,4.5,4.25,4.5
"conv_691f696d0b348190810494e2c5d82fee08324043d78ba0f7",0.673040466735906,-1.05569521653247,-2.37095226183513,-3.155984155701,4,2.5,2,3.5,3.25,2.75
"conv_6981ccf5d5f4819394bcd7bad4d79b14001ace58e9b20b81",0.672042972172403,-1.34715803964113,-2.68384655919568,-3.30782383052098,4,5,5,5,4.5,5
"conv_69a0753fc5d08196aa37099ec6c65b69083687b3e71b94b5",0.702876841017596,-0.789295581508813,-1.53091809536545,-2.29221079583635,3,3,1.5,3.5,3,2.5
"conv_69b581c4f16c81978ea543ce298c8c600546e04309837be3",0.704449988949604,-0.499927462897761,-2.00650148333425,-3.0647748981242,4.5,2,3,3,3.25,3
"conv_6be7ed36-4c3e-4746-920a-dac8f9012262",0.611540203573964,-0.491340729231455,-1.75504064945167,-2.95242206209067,2.5,3.5,3.5,4,3,3.75
"conv_6c680e8e-2455-4bdf-b4cd-fe6c409f373a",0.680726433268225,-0.50606830041538,-1.64411165958764,-2.31492951705005,3.5,4.5,4,4.5,4,4.25
"conv_72037685-9437-4960-b9a0-5f77d2a71e41",0.702171391162354,-0.632189441316902,-1.55833308564902,-2.45730877594263,2.5,4.5,3.5,3.5,3.5,3.5
"conv_73564d95-9f66-42db-a2c0-fed78090bac2",0.667702863580932,-0.376787594991567,-1.78738149491152,-3.11957507886726,3.5,4,5,4.5,3.75,4.75
"conv_7511f98b-bb77-4bdc-926f-c26121dc147b",0.699457547893981,-0.346520217969382,-1.70055565494575,-2.75669974677791,3,4.5,4,5,3.75,4.5
"conv_7e08bac1-7465-447d-a732-40dad23fa383",0.686077837736242,-0.798078324830667,-1.79750183532003,-2.6628205207418,2,4,3.5,3.5,3,3.5
"conv_829c6d96-30f0-495e-9684-ca934b06e90a",0.725458897947334,-0.312891972109544,-1.6753818446432,-3.17517274623949,3.5,4,3.5,3.5,3.75,3.5
"conv_82f7be76-f1f7-447b-b77d-2fa8134ebfed",0.718164149167543,-0.76710884747756,-1.8175076638069,-2.9210070790894,2,4,4,5,3,4.5
"conv_837faa43-c6e5-4221-9368-e8076f56d5fb",0.717152885238627,-1.40259327057869,-2.4065895454251,-3.3027316930609,2.5,5,5,5,3.75,5
"conv_8ab6fccf-2cc1-40bb-8378-5b469fb220eb",0.673421657716652,-1.19930216142388,-2.16131761038364,-2.77208186084078,4.5,4.5,4,4.5,4.5,4.25
"conv_8fd2ac26-a13c-4e85-b8ac-5f13e246b640",0.679590986776769,-1.41385602733239,-2.269935838685,-2.29586924765144,3.5,3,4,4,3.25,4
"conv_90178cb2-77d1-4123-9509-2ec42e4db932",0.697033440794031,-1.79842776697115,-2.11025314158751,-1.5316112143431,3.5,3.5,3.5,4,3.5,3.75
"conv_90ea40da-2853-405a-9c2f-a22e77888401",0.66042403638885,-0.42210994356819,-1.67369176311075,-3.67281634511511,3,4,4.5,3,3.5,3.75
"conv_9763bf93-b2b0-43b7-9ffa-761830f4d5a8",0.646797947868469,-1.60636890410235,-2.06124188907681,-2.18365313271749,5,5,5,5,5,5
"conv_a0840d98-89b5-4206-b414-e9820d9a99b2",0.711352426397776,-0.668576837486017,-1.94995848295372,-3.26442554648922,1.5,4,5,4.5,2.75,4.75
"conv_a2292393-fd39-476f-975c-aaf411653197",0.704480925643276,-1.05572021398398,-1.85559340845501,-2.18710624322113,4,4,5,5,4,5
"conv_afc8092c-7335-40d1-a058-616cf97d80a2",0.70445493903459,-1.17391131198714,-2.0125851399113,-2.05694407898085,1.5,4.5,4.5,4,3,4.25
"conv_b0f0e7b9-40d0-4776-a1a7-828df5bdcf2a",0.683138490229891,-1.31989866831347,-2.33235750524734,-2.85563054621651,5,3.5,4,4.5,4.25,4.25
"conv_b1e0225e-fdb5-4142-8852-0785c0d30420",0.729069200277929,-1.05944718124769,-2.4626343447977,-3.00516965753267,5,2.5,3.5,4,3.75,3.75
"conv_b306d0b7-35f0-495e-a3e0-5818c3ae060c",0.689643195127937,-0.911926050454054,-2.14172546747428,-2.58141124746204,1,5,5,5,3,5
"conv_b6569263-0af4-4945-bd32-398a28cf7e69",0.685819598590375,-0.69620836108384,-1.90058406326811,-2.89403150021562,3.5,4.5,4.5,5,4,4.75
"conv_c2e0197b-bba1-43b9-978e-cc6e536892b3",0.6671609800781,-0.909624192704301,-1.56916329491786,-1.97678826213187,4.5,5,4.5,5,4.75,4.75
"conv_c576a2b8-4944-4966-b836-5a4fde76260f",0.709241294074907,-1.34777723041425,-2.09879926970094,-3.00615739221159,4,4,4.5,4.5,4,4.5
"conv_c7f16c31-e264-4ad6-8a72-7c626fa0cac0",0.739551404745239,-0.822492803008913,-1.95968994900316,-3.10932107010655,4.5,4,4,4,4.25,4
"conv_ccb90f8d-d4bb-406e-83e9-b91ac0615cac",0.644254391785433,0.223365199503026,-1.15551171106345,-2.87759826210351,4,4.5,4,4.5,4.25,4.25
"conv_d87daedd-9490-4de9-8d2a-d33777567187",0.741335064682837,-0.560776858158438,-1.73772836313226,-2.5809254908909,1.5,3.5,3.5,4,2.5,3.75
"conv_da1c7ee9-2479-4f47-94bc-db9161a6e88c",0.741079846405212,-1.27905041349504,-2.0988858237828,-2.61225216181376,5,1.5,1,2.5,3.25,1.75
"conv_e335739c-0072-4945-8fe4-457a04c0997b",0.708870462071783,-0.506302888710618,-1.69099340808268,-2.47193072143165,2,3,3,3,2.5,3
"conv_e73d720a-ff86-4c9b-b988-d6cc879215d9",0.677180371621754,-0.976857342018126,-2.16997007706694,-3.21029244451698,4,5,3,5,4.5,4
"conv_f5028a6e-05a3-4757-84d0-491a6f400c24",0.672365607278332,-0.690706481611912,-1.52570367818011,-2.01252083413107,2.5,3,3.5,4.5,2.75,4
"conv_fe95c724-f91e-4a17-8400-9bfbdf9218ec",0.671673508951279,0.169994676403102,-0.962310367476225,-2.70319256033916,3.5,2,1.5,1.5,2.75,1.5
