s_84;s_85;s_86;s_87;s_88;s_91;s_94;s_95;s_96;s_97;s_92;s_93;s_98;b_2;lang;b_3;s_43;s_44_1;s_44_2;s_44_3;s_44_4;s_44_5;s_44_6;s_44_7;s_44_8;s_44_9;s_44_10;s_44_11;s_44_12;s_44_13;email;statoverall_1;statoverall_2;statoverall_3;statoverall_4;statoverall_5
;;;;;;5;5;4;;;;;2;;22;;0;0;0;0;0;0;0;0;0;0;0;0;0;;0;0;1;0;0
;;;;;;4;6;8;;4;5;;2;;27;;0;0;0;0;0;0;0;0;0;0;0;0;0;;0;0;0;1;0
;;;;;;3;5;7;;4;4;;1;;38;;0;0;0;0;0;0;0;0;0;0;0;0;0;;0;0;0;1;0
;;;;;;7;8;5;Samskrivningen tog meget længere tid end 20 min;;;;2;;41;;0;0;0;0;0;0;0;0;0;0;0;0;0;;0;0;1;0;0
;;;;;;6;8;8;;5;7;;2;;18;;0;0;0;0;0;0;0;0;0;0;0;0;0;;0;0;0;1;0
;;;;;;8;7;7;;7;8;;2;;26;;0;0;0;0;0;0;0;0;0;0;0;0;0;;0;0;0;1;0
;;;;;;5;7;7;;6;8;;2;;39;;0;0;0;0;0;0;0;0;0;0;0;0;0;;0;0;0;1;0
;;;;;;5;6;7;;4;6;;1;;22;;0;0;0;0;0;0;0;0;0;0;0;0;0;;0;0;0;1;0
;;;;;;6;7;8;;7;7;;2;;26;;0;0;0;0;0;0;0;0;0;0;0;0;0;;0;0;0;1;0
;;;;;;8;8;8;;6;7;;2;;26;;0;0;0;0;0;0;0;0;0;0;0;0;0;;0;0;0;1;0
;;;;;;6;5;7;;8;7;;1;;18;;0;0;0;0;0;0;0;0;0;0;0;0;0;;0;0;0;1;0
;;;;;;3;5;8;;5;7;;2;;23;;0;0;0;0;0;0;0;0;0;0;0;0;0;;0;0;0;1;0
;;;;;;3;4;7;;7;4;Følelse af ejerskab, fordi jeg startede historien og besluttede, hvad den skulle handle om;2;;27;;0;0;0;0;0;0;0;0;0;0;0;0;0;;0;0;0;1;0
;;;;;;4;4;5;;5;6;;1;;23;;0;0;0;0;0;0;0;0;0;0;0;0;0;;0;0;0;1;0
;;;;;;5;3;3;i think it was a bot lol;7;3;not many new ideas introduced by the co writer. sounded less like creative writing, more like predictive text;1;;38;;0;0;0;0;0;0;0;0;0;0;0;0;0;;0;0;0;1;0
;;;;;;7;7;7;it was fun;7;7;both contributed;2;;22;;0;0;0;0;0;0;0;0;0;0;0;0;0;;0;0;0;1;0
;;;;;;7;8;7;;5;5;;3;;23;;0;0;0;0;0;0;0;0;0;0;0;0;0;;0;0;0;1;0
;;;;;;8;7;8;;5;8;;1;;34;;0;0;0;0;0;0;0;0;0;0;0;0;0;;0;0;0;1;0
;;;;;;8;7;7;;6;7;;1;;18;;0;0;0;0;0;0;0;0;0;0;0;0;0;;0;0;0;1;0
;;;;;;5;7;8;very funny;5;5;nej;2;;27;;0;0;0;0;0;0;0;0;0;0;0;0;0;;0;0;0;1;0
;;;;;;6;7;7;;5;7;;2;;18;;0;0;0;0;0;0;0;0;0;0;0;0;0;;0;0;0;1;0
;;;;;;6;4;8;;6;5;;1;;39;;0;0;0;0;0;0;0;0;0;0;0;0;0;;0;0;0;1;0
;;;;;;3;3;4;;4;4;;3;;24;;0;0;0;0;0;0;0;0;0;0;0;0;0;;0;0;0;1;0
;;;;;;6;6;5;;4;6;;2;;22;;0;0;0;0;0;0;0;0;0;0;0;0;0;;0;0;0;1;0
;;;;;;8;7;8;;6;7;;1;;18;;0;0;0;0;0;0;0;0;0;0;0;0;0;;0;0;0;1;0
;;;;;;4;7;8;;5;7;;2;;27;;0;0;0;0;0;0;0;0;0;0;0;0;0;;0;0;0;1;0
;;;;;;5;6;8;;5;8;;1;;19;;0;0;0;0;0;0;0;0;0;0;0;0;0;;0;0;0;1;0
;;;;;;1;1;8;love this guy;4;3;;2;;22;;0;0;0;0;0;0;0;0;0;0;0;0;0;;0;0;0;1;0
;;;;;;4;3;7;We couldnt set up eachother correclty. The chat would cut up the set up;4;5;;1;;40;;0;0;0;0;0;0;0;0;0;0;0;0;0;;0;0;0;1;0
;;;;;;7;8;7;;6;8;;2;;25;;0;0;0;0;0;0;0;0;0;0;0;0;0;;0;0;0;1;0
;;;;;;5;8;8;;5;7;;2;;18;;0;0;0;0;0;0;0;0;0;0;0;0;0;;0;0;0;1;0
;;;;;;3;8;8;Sjovt:);5;8;;2;;29;;0;0;0;0;0;0;0;0;0;0;0;0;0;;0;0;0;1;0
;;;;;;4;4;3;It matters who you write with;5;3;On writer will be dominant over thee outcome of the story, or otherwise the story will be fragmented;1;;23;;0;0;0;0;0;0;0;0;0;0;0;0;0;;0;0;0;1;0
;;;;;;1;3;3;difficult to make something up when what I imagined was removed by the sentence and taken in a different direction. probably good for the story, but I'm not a story writer so;6;8;;2;;33;;0;0;0;0;0;0;0;0;0;0;0;0;0;;0;0;0;1;0
;;;;;;3;7;8;It was very fun to have to react to what the other person wrote - and very surprising. It really changed where i thought the story was going!;7;6;I can't of course take full credit but i do feel a sort of co-ownership;1;;41;;0;0;0;0;0;0;0;0;0;0;0;0;0;;0;0;0;1;0
;;;;;;5;4;8;Det var meget sjovt og udfordrende.;6;8;;2;;18;;0;0;0;0;0;0;0;0;0;0;0;0;0;;0;0;0;1;0
;;;;;;6;8;8;Hell yeah;6;8;fun fun fun;1;;32;;0;0;0;0;0;0;0;0;0;0;0;0;0;;0;0;0;1;0
;;;;;;4;6;7;Man blev smidt ud af historien før den var færdig, så det var lidt utilfredsstillende ikke at kunne runde den af eller se slutningen. Det ville give mening at gøre eksperimentet kortere.;5;6;Ti ture hver var lige i overkanten.;1;;28;;0;0;0;0;0;0;0;0;0;0;0;0;0;;0;0;0;1;0
;;;;;;6;8;8;;5;8;;2;;36;;0;0;0;0;0;0;0;0;0;0;0;0;0;;0;0;0;1;0
;;;;;;8;8;8;;6;7;Jeg tror jeg havde en lille smule mere ejerskab over historien fordi jeg startede den;2;;25;;0;0;0;0;0;0;0;0;0;0;0;0;0;;0;0;0;1;0
;;;;;;4;8;8;It was fun how misunderstandings impacted the story and turned it very chaotic;5;8;it was a lot of fun and unpredictabel;1;;35;;0;0;0;0;0;0;0;0;0;0;0;0;0;;0;0;0;1;0
;;;;;;6;8;8;;6;8;;1;;18;;0;0;0;0;0;0;0;0;0;0;0;0;0;;0;0;0;1;0
;;;;;;3;4;5;I suppose real co-creation is also about letting go of your pre-mediated idea of where the narrative should go. So maybe this challenging aspect is also a positive thing, creatively and collaboratively speaking.;5;6;;1;;44;;0;0;0;0;0;0;0;0;0;0;0;0;0;;0;0;0;1;0
;;;;;;7;7;5;;4;8;;3;;36;;0;0;0;0;0;0;0;0;0;0;0;0;0;;0;0;0;1;0
;;;;;;8;8;8;;6;8;;1;;25;;0;0;0;0;0;0;0;0;0;0;0;0;0;;0;0;0;1;0
;;;;;;7;7;8;it depends on the other person, i possibly got lucky to have a partner that wanted to indulge this sort of direction;6;8;since i started the story i feel more responsible for it;3;;18;;0;0;0;0;0;0;0;0;0;0;0;0;0;;0;0;0;1;0
;;;;;;6;7;8;It was fun to challenge and improvise the direction I had planned;6;6;I think I set the tone of the story, but they established the direction of the plot and action;2;;33;;0;0;0;0;0;0;0;0;0;0;0;0;0;;0;0;0;1;0
;;;;;;5;7;8;"Ideen og execution var virkelig fantastisk og synes premisen er super sjov. Bare lige den tekst besked med at ""you have ran out of time"" skal måske lige kunne lukkes ned, så den ikke dækker for teksten. Meget underholdende! Held og lykke.";7;7;;2;;32;;0;0;0;0;0;0;0;0;0;0;0;0;0;;0;0;0;1;0
;;;;;;4;5;7;;7;6;;3;;27;;0;0;0;0;0;0;0;0;0;0;0;0;0;;0;0;0;1;0
;;;;;;7;7;8;;6;7;;2;;29;;0;0;0;0;0;0;0;0;0;0;0;0;0;;0;0;0;1;0
;;;;;;6;5;7;;4;7;;1;;21;;0;0;0;0;0;0;0;0;0;0;0;0;0;;0;0;0;1;0
;;;;;;7;6;5;;6;7;;1;;31;;0;0;0;0;0;0;0;0;0;0;0;0;0;;0;0;0;1;0
;;;;;;3;4;7;;1;3;;1;;30;;0;0;0;0;0;0;0;0;0;0;0;0;0;;0;0;0;1;0
;;;;;;4;8;7;;5;8;;2;;24;;0;0;0;0;0;0;0;0;0;0;0;0;0;;0;0;0;1;0
;;;;;;8;8;8;We got the hang of the story together so it was really exciting and surprising;8;8;;1;;18;;0;0;0;0;0;0;0;0;0;0;0;0;0;;0;0;0;1;0
;;;;;;7;6;8;Fun to work with someone else, but could be challenging when they took a different direction. Sometimes details changed unexpectedly.;6;7;;2;;34;;0;0;0;0;0;0;0;0;0;0;0;0;0;;0;0;0;1;0
;;;;;;8;6;5;;6;8;;2;;33;;0;0;0;0;0;0;0;0;0;0;0;0;0;;0;0;0;1;0
;;;;;;6;5;7;Fornøjelse! Det var lidt svært på engelsk og at koncentrere sig i tidspresset, jeg plejer at fordybe mig i ro, men det var en sjov udfordring.;4;7;Jeg synes, at vi begge gav hinanden plads til at fortsætte i forskellige retninger. Måske han gav lidt mere plads end jeg.;1;;19;;0;0;0;0;0;0;0;0;0;0;0;0;0;;0;0;0;1;0
;;;;;;8;6;8;;5;8;;1;;18;;0;0;0;0;0;0;0;0;0;0;0;0;0;;0;0;0;1;0
;;;;;;4;7;8;;7;7;;2;;29;;0;0;0;0;0;0;0;0;0;0;0;0;0;;0;0;0;1;0
;;;;;;7;7;8;;6;8;;2;;24;;0;0;0;0;0;0;0;0;0;0;0;0;0;;0;0;0;1;0
;;;;;;7;7;8;Yay fun!;3;8;;3;;30;;0;0;0;0;0;0;0;0;0;0;0;0;0;;0;0;0;1;0
;;;;;;8;6;8;;5;8;;2;;18;;0;0;0;0;0;0;0;0;0;0;0;0;0;;0;0;0;1;0
;;;;;;6;4;8;;5;8;;2;;18;;0;0;0;0;0;0;0;0;0;0;0;0;0;;0;0;0;1;0
;;;;;;3;5;8;;6;7;;2;;38;;0;0;0;0;0;0;0;0;0;0;0;0;0;;0;0;0;1;0
;;;;;;;;;;;;;1;;31;;0;0;0;0;0;0;0;0;0;0;0;0;0;;0;1;0;0;0
;;;;;;;;;;;;;1;;33;;0;0;0;0;0;0;0;0;0;0;0;0;0;;0;1;0;0;0
;;;;;;;;;;;;;2;;45;;0;0;0;0;0;0;0;0;0;0;0;0;0;;0;1;0;0;0
;;;;;;;;;;;;;2;;28;;0;0;0;0;0;0;0;0;0;0;0;0;0;;0;1;0;0;0
;;;;;;;;;;;;;1;;18;;0;0;0;0;0;0;0;0;0;0;0;0;0;;0;1;0;0;0
;;;;;;;;;;;;;1;;30;;0;0;0;0;0;0;0;0;0;0;0;0;0;;0;1;0;0;0
;;;;;;;;;;;;;1;;39;;0;0;0;0;0;0;0;0;0;0;0;0;0;;0;1;0;0;0
;;;;;;;;;;;;;1;;48;;0;0;0;0;0;0;0;0;0;0;0;0;0;;0;1;0;0;0
;;;;;;;;;;;;;1;;18;;0;0;0;0;0;0;0;0;0;0;0;0;0;;0;1;0;0;0
;;;;;;;;;;;;;1;;18;;0;0;0;0;0;0;0;0;0;0;0;0;0;;0;1;0;0;0
;;;;;;;;;;;;;2;;20;;0;0;0;0;0;0;0;0;0;0;0;0;0;;0;1;0;0;0
;;;;;;;;;;;;;1;;18;;0;0;0;0;0;0;0;0;0;0;0;0;0;;0;1;0;0;0
;;;;;;;;;;;;;1;;21;;0;0;0;0;0;0;0;0;0;0;0;0;0;;0;1;0;0;0
;;;;;;;;;;;;;2;;25;;0;0;0;0;0;0;0;0;0;0;0;0;0;;0;1;0;0;0
;;;;;;;;;;;;;1;;18;;0;0;0;0;0;0;0;0;0;0;0;0;0;;0;1;0;0;0
;;;;;;;;;;;;;2;;47;;0;0;0;0;0;0;0;0;0;0;0;0;0;;0;1;0;0;0
;;;;;;;;;;;;;1;;28;;0;0;0;0;0;0;0;0;0;0;0;0;0;;0;1;0;0;0
;;;;;;;;;;;;;1;;26;;0;0;0;0;0;0;0;0;0;0;0;0;0;;0;1;0;0;0
;;;;;;;;;;;;;2;;32;;0;0;0;0;0;0;0;0;0;0;0;0;0;;0;1;0;0;0
;;;;;;;;;;;;;2;;27;;0;0;0;0;0;0;0;0;0;0;0;0;0;;0;1;0;0;0
;;;;;;;;;;;;;2;;26;;0;0;0;0;0;0;0;0;0;0;0;0;0;;0;1;0;0;0
;;;;;;;;;;;;;1;;42;;0;0;0;0;0;0;0;0;0;0;0;0;0;;0;1;0;0;0
;;;;;;;;;;;;;1;;25;;0;0;0;0;0;0;0;0;0;0;0;0;0;;0;1;0;0;0
;;;;;;;;;;;;;1;;18;;0;0;0;0;0;0;0;0;0;0;0;0;0;;0;1;0;0;0
;;;;;;;;;;;;;1;;31;;0;0;0;0;0;0;0;0;0;0;0;0;0;;0;1;0;0;0
;;;;;;;;;;;;;2;;23;;0;0;0;0;0;0;0;0;0;0;0;0;0;;0;1;0;0;0
;;;;;;;;;;;;;1;;22;;0;0;0;0;0;0;0;0;0;0;0;0;0;;0;1;0;0;0
;;;;;;;;;;;;;1;;18;;0;0;0;0;0;0;0;0;0;0;0;0;0;;0;1;0;0;0
;;;;;;;;;;;;;2;;31;;0;0;0;0;0;0;0;0;0;0;0;0;0;;0;1;0;0;0
;;;;;;;;;;;;;2;;25;;0;0;0;0;0;0;0;0;0;0;0;0;0;;0;1;0;0;0
;;;;;;;;;;;;;2;;32;;0;0;0;0;0;0;0;0;0;0;0;0;0;;0;1;0;0;0
;;;;;;;;;;;;;1;;25;;0;0;0;0;0;0;0;0;0;0;0;0;0;;0;1;0;0;0
;;;;;;;;;;;;;2;;20;;0;0;0;0;0;0;0;0;0;0;0;0;0;;0;1;0;0;0
;;;;;;;;;;;;;2;;40;;0;0;0;0;0;0;0;0;0;0;0;0;0;;0;1;0;0;0
;;;;;;;;;;;;;2;;24;;0;0;0;0;0;0;0;0;0;0;0;0;0;;0;1;0;0;0
;;;;;;;;;;;;;2;;36;;0;0;0;0;0;0;0;0;0;0;0;0;0;;0;1;0;0;0
;;;;;;;;;;;;;1;;18;;0;0;0;0;0;0;0;0;0;0;0;0;0;;0;1;0;0;0
;;;;;;;;;;;;;1;;22;;0;0;0;0;0;0;0;0;0;0;0;0;0;;0;1;0;0;0
;;;;;;;;;;;;;1;;24;;0;0;0;0;0;0;0;0;0;0;0;0;0;;0;1;0;0;0
;;;;;;;;;;;;;2;;23;;0;0;0;0;0;0;0;0;0;0;0;0;0;;0;1;0;0;0
;;;;;;;;;;;;;3;;40;;0;0;0;0;0;0;0;0;0;0;0;0;0;;0;1;0;0;0
;;;;;;;;;;;;;2;;27;;0;0;0;0;0;0;0;0;0;0;0;0;0;;0;1;0;0;0
;;;;;;;;;;;;;2;;29;;0;0;0;0;0;0;0;0;0;0;0;0;0;;0;1;0;0;0
;;;;;;;;;;;;;2;;18;;0;0;0;0;0;0;0;0;0;0;0;0;0;;0;1;0;0;0
;;;;;;;;;;;;;1;;20;;0;0;0;0;0;0;0;0;0;0;0;0;0;;0;1;0;0;0
;;;;;;;;;;;;;2;;37;;0;0;0;0;0;0;0;0;0;0;0;0;0;;0;1;0;0;0
;;;;;;;;;;;;;2;;40;;0;0;0;0;0;0;0;0;0;0;0;0;0;;0;1;0;0;0
;;;;;;;;;;;;;2;;39;;0;0;0;0;0;0;0;0;0;0;0;0;0;;0;1;0;0;0
;;;;;;;;;;;;;1;;18;;0;0;0;0;0;0;0;0;0;0;0;0;0;;0;1;0;0;0
;;;;;;;;;;;;;2;;47;;0;0;0;0;0;0;0;0;0;0;0;0;0;;0;1;0;0;0
;;;;;;;;;;;;;2;;37;;0;0;0;0;0;0;0;0;0;0;0;0;0;;0;1;0;0;0
;;;;;;;;;;;;;1;;27;;0;0;0;0;0;0;0;0;0;0;0;0;0;;0;1;0;0;0
;;;;;;;;;;;;;1;;34;;0;0;0;0;0;0;0;0;0;0;0;0;0;;0;1;0;0;0
;;;;;;;;;;;;;2;;18;;0;0;0;0;0;0;0;0;0;0;0;0;0;;0;1;0;0;0
;;;;;;;;;;;;;2;;18;;0;0;0;0;0;0;0;0;0;0;0;0;0;;0;1;0;0;0
;;;;;;;;;;;;;1;;27;;0;0;0;0;0;0;0;0;0;0;0;0;0;;0;1;0;0;0
;;;;;;;;;;;;;1;;18;;0;0;0;0;0;0;0;0;0;0;0;0;0;;0;1;0;0;0
;;;;;;;;;;;;;2;;29;;0;0;0;0;0;0;0;0;0;0;0;0;0;;0;1;0;0;0
;;;;;;;;;;;;;2;;40;;0;0;0;0;0;0;0;0;0;0;0;0;0;;0;1;0;0;0
;;;;;;;;;;;;;2;;18;;0;0;0;0;0;0;0;0;0;0;0;0;0;;0;1;0;0;0
;;;;;;;;;;;;;1;;20;;0;0;0;0;0;0;0;0;0;0;0;0;0;;0;1;0;0;0
;;;;;;;;;;;;;2;;27;;0;0;0;0;0;0;0;0;0;0;0;0;0;;0;1;0;0;0
;;;;;;;;;;;;;3;;18;;0;0;0;0;0;0;0;0;0;0;0;0;0;;0;1;0;0;0
;;;;;;;;;;;;;1;;23;;0;0;0;0;0;0;0;0;0;0;0;0;0;;0;1;0;0;0
;;;;;;;;;;;;;2;;36;;0;0;0;0;0;0;0;0;0;0;0;0;0;;0;1;0;0;0
;;;;;;;;;;;;;2;;37;;0;0;0;0;0;0;0;0;0;0;0;0;0;;0;1;0;0;0
;;;;;;;;;;;;;2;;31;;0;0;0;0;0;0;0;0;0;0;0;0;0;;0;1;0;0;0
;;;;;;;;;;;;;2;;18;;0;0;0;0;0;0;0;0;0;0;0;0;0;;0;1;0;0;0
;;;;;;;;;;;;;2;;26;;0;0;0;0;0;0;0;0;0;0;0;0;0;;0;1;0;0;0
;;;;;;;;;;;;;2;;38;;0;0;0;0;0;0;0;0;0;0;0;0;0;;0;1;0;0;0
;;;;;;;;;;;;;2;;35;;0;0;0;0;0;0;0;0;0;0;0;0;0;;0;1;0;0;0
;;;;;;;;;;;;;2;;25;;0;0;0;0;0;0;0;0;0;0;0;0;0;;0;1;0;0;0
;;;;;;;;;;;;;1;;18;;0;0;0;0;0;0;0;0;0;0;0;0;0;;0;1;0;0;0
;;;;;;;;;;;;;2;;28;;0;0;0;0;0;0;0;0;0;0;0;0;0;;0;1;0;0;0
;;;;;;;;;;;;;2;;33;;0;0;0;0;0;0;0;0;0;0;0;0;0;;0;1;0;0;0
;;;;;;;;;;;;;1;;27;;0;0;0;0;0;0;0;0;0;0;0;0;0;;0;1;0;0;0
;;;;;;6;8;8;I love that my partner included twists to the story, without completely disregarding the direction I had started it. We collaborated really well and I was almost disappointed when the story ended. Super cool experiment!;8;8;;1;;29;;0;0;0;0;0;0;0;0;0;0;0;0;0;;0;0;0;1;0
;;;;;;7;8;8;;6;8;;1;;31;;0;0;0;0;0;0;0;0;0;0;0;0;0;;0;0;0;1;0
;;;;;;;;;;;;;2;;23;;0;0;0;0;0;0;0;0;0;0;0;0;0;;0;1;0;0;0
;;;;;;;;;;;;;2;;40;;0;0;0;0;0;0;0;0;0;0;0;0;0;;0;1;0;0;0
;;;;;;;;;;;;;2;;32;;0;0;0;0;0;0;0;0;0;0;0;0;0;;0;1;0;0;0
;;;;;;;;;;;;;1;;18;;0;0;0;0;0;0;0;0;0;0;0;0;0;;0;1;0;0;0
;;;;;;;;;;;;;2;;41;;0;0;0;0;0;0;0;0;0;0;0;0;0;;0;1;0;0;0
;;;;;;;;;;;;;1;;39;;0;0;0;0;0;0;0;0;0;0;0;0;0;;0;1;0;0;0
;;;;;;;;;;;;;1;;35;;0;0;0;0;0;0;0;0;0;0;0;0;0;;0;1;0;0;0
;;;;;;;;;;;;;2;;18;;0;0;0;0;0;0;0;0;0;0;0;0;0;;0;1;0;0;0
;;;;;;;;;;;;;1;;21;;0;0;0;0;0;0;0;0;0;0;0;0;0;;0;1;0;0;0
;;;;;;;;;;;;;2;;33;;0;0;0;0;0;0;0;0;0;0;0;0;0;;0;1;0;0;0
;;;;;;;;;;;;;1;;27;;0;0;0;0;0;0;0;0;0;0;0;0;0;;0;1;0;0;0
;;;;;;;;;;;;;2;;30;;0;0;0;0;0;0;0;0;0;0;0;0;0;;0;1;0;0;0
;;;;;;;;;;;;;2;;52;;0;0;0;0;0;0;0;0;0;0;0;0;0;;0;1;0;0;0
;;;;;;;;;;;;;1;;19;;0;0;0;0;0;0;0;0;0;0;0;0;0;;0;1;0;0;0
;;;;;;;;;;;;;1;;18;;0;0;0;0;0;0;0;0;0;0;0;0;0;;0;1;0;0;0
;;;;;;;;;;;;;1;;30;;0;0;0;0;0;0;0;0;0;0;0;0;0;;0;1;0;0;0
;;;;;;;;;;;;;2;;20;;0;0;0;0;0;0;0;0;0;0;0;0;0;;0;1;0;0;0
;;;;;;;;;;;;;2;;31;;0;0;0;0;0;0;0;0;0;0;0;0;0;;0;1;0;0;0
;;;;;;;;;;;;;2;;19;;0;0;0;0;0;0;0;0;0;0;0;0;0;;0;1;0;0;0
;;;;;;;;;;;;;2;;49;;0;0;0;0;0;0;0;0;0;0;0;0;0;;0;1;0;0;0
;;;;;;;;;;;;;1;;26;;0;0;0;0;0;0;0;0;0;0;0;0;0;;0;1;0;0;0
;;;;;;;;;;;;;2;;22;;0;0;0;0;0;0;0;0;0;0;0;0;0;;0;1;0;0;0
;;;;;;;;;;;;;1;;25;;0;0;0;0;0;0;0;0;0;0;0;0;0;;0;1;0;0;0
;;;;;;;;;;;;;1;;36;;0;0;0;0;0;0;0;0;0;0;0;0;0;;0;1;0;0;0
;;;;;;;;;;;;;1;;28;;0;0;0;0;0;0;0;0;0;0;0;0;0;;0;1;0;0;0
;;;;;;;;;;;;;1;;18;;0;0;0;0;0;0;0;0;0;0;0;0;0;;0;1;0;0;0
;;;;;;;;;;;;;1;;27;;0;0;0;0;0;0;0;0;0;0;0;0;0;;0;1;0;0;0
;;;;;;;;;;;;;2;;35;;0;0;0;0;0;0;0;0;0;0;0;0;0;;0;1;0;0;0
;;;;;;;;;;;;;1;;27;;0;0;0;0;0;0;0;0;0;0;0;0;0;;0;1;0;0;0
;;;;;;;;;;;;;1;;34;;0;0;0;0;0;0;0;0;0;0;0;0;0;;0;1;0;0;0
;;;;;;;;;;;;;1;;26;;0;0;0;0;0;0;0;0;0;0;0;0;0;;0;1;0;0;0
;;;;;;;;;;;;;1;;26;;0;0;0;0;0;0;0;0;0;0;0;0;0;;0;1;0;0;0
;;;;;;;;;;;;;1;;32;;0;0;0;0;0;0;0;0;0;0;0;0;0;;0;1;0;0;0
;;;;;;;;;;;;;2;;37;;0;0;0;0;0;0;0;0;0;0;0;0;0;;0;1;0;0;0
;;;;;;;;;;;;;2;;18;;0;0;0;0;0;0;0;0;0;0;0;0;0;;0;1;0;0;0
;;;;;;;;;;;;;2;;27;;0;0;0;0;0;0;0;0;0;0;0;0;0;;0;1;0;0;0
;;;;;;;;;;;;;2;;26;;0;0;0;0;0;0;0;0;0;0;0;0;0;;0;1;0;0;0
;;;;;;;;;;;;;2;;19;;0;0;0;0;0;0;0;0;0;0;0;0;0;;0;1;0;0;0
;;;;;;;;;;;;;2;;18;;0;0;0;0;0;0;0;0;0;0;0;0;0;;0;1;0;0;0
;;;;;;;;;;;;;1;;21;;0;0;0;0;0;0;0;0;0;0;0;0;0;;0;1;0;0;0
;;;;;;;;;;;;;1;;33;;0;0;0;0;0;0;0;0;0;0;0;0;0;;0;1;0;0;0
;;;;;;;;;;;;;2;;23;;0;0;0;0;0;0;0;0;0;0;0;0;0;;0;1;0;0;0
;;;;;;;;;;;;;2;;19;;0;0;0;0;0;0;0;0;0;0;0;0;0;;0;1;0;0;0
;;;;;;;;;;;;;2;;29;;0;0;0;0;0;0;0;0;0;0;0;0;0;;0;1;0;0;0
;;;;;;;;;;;;;2;;18;;0;0;0;0;0;0;0;0;0;0;0;0;0;;0;1;0;0;0
;;;;;;;;;;;;;1;;37;;0;0;0;0;0;0;0;0;0;0;0;0;0;;0;1;0;0;0
;;;;;;;;;;;;;1;;22;;0;0;0;0;0;0;0;0;0;0;0;0;0;;0;1;0;0;0
;;;;;;;;;;;;;1;;29;;0;0;0;0;0;0;0;0;0;0;0;0;0;;0;1;0;0;0
;;;;;;;;;;;;;2;;28;;0;0;0;0;0;0;0;0;0;0;0;0;0;;0;1;0;0;0
;;;;;;;;;;;;;1;;27;;0;0;0;0;0;0;0;0;0;0;0;0;0;;0;1;0;0;0
;;;;;;;;;;;;;1;;45;;0;0;0;0;0;0;0;0;0;0;0;0;0;;0;1;0;0;0
;;;;;;;;;;;;;1;;19;;0;0;0;0;0;0;0;0;0;0;0;0;0;;0;1;0;0;0
;;;;;;;;;;;;;1;;38;;0;0;0;0;0;0;0;0;0;0;0;0;0;;0;1;0;0;0
;;;;;;;;;;;;;2;;27;;0;0;0;0;0;0;0;0;0;0;0;0;0;;0;1;0;0;0
;;;;;;;;;;;;;1;;19;;0;0;0;0;0;0;0;0;0;0;0;0;0;;0;1;0;0;0
;;;;;;;;;;;;;2;;26;;0;0;0;0;0;0;0;0;0;0;0;0;0;;0;1;0;0;0
;;;;;;;;;;;;;2;;34;;0;0;0;0;0;0;0;0;0;0;0;0;0;;0;1;0;0;0
;;;;;;;;;;;;;2;;23;;0;0;0;0;0;0;0;0;0;0;0;0;0;;0;1;0;0;0
;;;;;;;;;;;;;2;;19;;0;0;0;0;0;0;0;0;0;0;0;0;0;;0;1;0;0;0
;;;;;;;;;;;;;2;;29;;0;0;0;0;0;0;0;0;0;0;0;0;0;;0;1;0;0;0
;;;;;;;;;;;;;1;;37;;0;0;0;0;0;0;0;0;0;0;0;0;0;;0;1;0;0;0
;;;;;;;;;;;;;1;;26;;0;0;0;0;0;0;0;0;0;0;0;0;0;;0;1;0;0;0
;;;;;;;;;;;;;1;;18;;0;0;0;0;0;0;0;0;0;0;0;0;0;;0;1;0;0;0
;;;;;;;;;;;;;3;;18;;0;0;0;0;0;0;0;0;0;0;0;0;0;;0;1;0;0;0
;;;;;;;;;;;;;1;;19;;0;0;0;0;0;0;0;0;0;0;0;0;0;;0;1;0;0;0
;;;;;;;;;;;;;1;;22;;0;0;0;0;0;0;0;0;0;0;0;0;0;;0;1;0;0;0
;;;;;;;;;;;;;1;;27;;0;0;0;0;0;0;0;0;0;0;0;0;0;;0;1;0;0;0
;;;;;;;;;;;;;2;;34;;0;0;0;0;0;0;0;0;0;0;0;0;0;;0;1;0;0;0
;;;;;;;;;;;;;2;;23;;0;0;0;0;0;0;0;0;0;0;0;0;0;;0;1;0;0;0
;;;;;;;;;;;;;1;;18;;0;0;0;0;0;0;0;0;0;0;0;0;0;;0;1;0;0;0
;;;;;;;;;;;;;1;;33;;0;0;0;0;0;0;0;0;0;0;0;0;0;;0;1;0;0;0
;;;;;;;;;;;;;1;;30;;0;0;0;0;0;0;0;0;0;0;0;0;0;;0;1;0;0;0
;;;;;;;;;;;;;2;;39;;0;0;0;0;0;0;0;0;0;0;0;0;0;;0;1;0;0;0
;;;;;;;;;;;;;2;;18;;0;0;0;0;0;0;0;0;0;0;0;0;0;;0;1;0;0;0
;;;;;;;;;;;;;1;;28;;0;0;0;0;0;0;0;0;0;0;0;0;0;;0;1;0;0;0
;;;;;;;;;;;;;2;;41;;0;0;0;0;0;0;0;0;0;0;0;0;0;;0;1;0;0;0
;;;;;;;;;;;;;2;;34;;0;0;0;0;0;0;0;0;0;0;0;0;0;;0;1;0;0;0
;;;;;;;;;;;;;1;;19;;0;0;0;0;0;0;0;0;0;0;0;0;0;;0;1;0;0;0
;;;;;;;;;;;;;1;;34;;0;0;0;0;0;0;0;0;0;0;0;0;0;;0;1;0;0;0
;;;;;;;;;;;;;2;;18;;0;0;0;0;0;0;0;0;0;0;0;0;0;;0;1;0;0;0
;;;;;;;;;;;;;3;;22;;0;0;0;0;0;0;0;0;0;0;0;0;0;;0;1;0;0;0
;;;;;;;;;;;;;1;;39;;0;0;0;0;0;0;0;0;0;0;0;0;0;;0;1;0;0;0
;;;;;;;;;;;;;2;;24;;0;0;0;0;0;0;0;0;0;0;0;0;0;;0;1;0;0;0
;;;;;;;;;;;;;1;;35;;0;0;0;0;0;0;0;0;0;0;0;0;0;;0;1;0;0;0
;;;;;;;;;;;;;1;;24;;0;0;0;0;0;0;0;0;0;0;0;0;0;;0;1;0;0;0
;;;;;;;;;;;;;1;;18;;0;0;0;0;0;0;0;0;0;0;0;0;0;;0;1;0;0;0
;;;;;;;;;;;;;1;;19;;0;0;0;0;0;0;0;0;0;0;0;0;0;;0;1;0;0;0
;;;;;;;;;;;;;1;;18;;0;0;0;0;0;0;0;0;0;0;0;0;0;;0;1;0;0;0
;;;;;;;;;;;;;1;;22;;0;0;0;0;0;0;0;0;0;0;0;0;0;;0;1;0;0;0
;;;;;;;;;;;;;1;;24;;0;0;0;0;0;0;0;0;0;0;0;0;0;;0;1;0;0;0
;;;;;;;;;;;;;1;;25;;0;0;0;0;0;0;0;0;0;0;0;0;0;;0;1;0;0;0
;;;;;;;;;;;;;3;;25;;0;0;0;0;0;0;0;0;0;0;0;0;0;;0;1;0;0;0
;;;;;;;;;;;;;2;;46;;0;0;0;0;0;0;0;0;0;0;0;0;0;;0;1;0;0;0
;;;;;;;;;;;;;1;;18;;0;0;0;0;0;0;0;0;0;0;0;0;0;;0;1;0;0;0
;;;;;;;;;;;;;2;;23;;0;0;0;0;0;0;0;0;0;0;0;0;0;;0;1;0;0;0
;;;;;;;;;;;;;2;;30;;0;0;0;0;0;0;0;0;0;0;0;0;0;;0;1;0;0;0
;;;;;;;;;;;;;1;;43;;0;0;0;0;0;0;0;0;0;0;0;0;0;;0;1;0;0;0
;;;;;;;;;;;;;1;;28;;0;0;0;0;0;0;0;0;0;0;0;0;0;;0;1;0;0;0
;;;;;;;;;;;;;2;;39;;0;0;0;0;0;0;0;0;0;0;0;0;0;;0;1;0;0;0
;;;;;;;;;;;;;1;;18;;0;0;0;0;0;0;0;0;0;0;0;0;0;;0;1;0;0;0
;;;;;;;;;;;;;1;;41;;0;0;0;0;0;0;0;0;0;0;0;0;0;;0;1;0;0;0
;;;;;;;;;;;;;2;;20;;0;0;0;0;0;0;0;0;0;0;0;0;0;;0;1;0;0;0
;;;;;;;;;;;;;1;;24;;0;0;0;0;0;0;0;0;0;0;0;0;0;;0;1;0;0;0
;;;;;;;;;;;;;1;;18;;0;0;0;0;0;0;0;0;0;0;0;0;0;;0;1;0;0;0
;;;;;;;;;;;;;1;;28;;0;0;0;0;0;0;0;0;0;0;0;0;0;;0;1;0;0;0
;;;;;;;;;;;;;1;;45;;0;0;0;0;0;0;0;0;0;0;0;0;0;;0;1;0;0;0
;;;;;;;;;;;;;2;;51;;0;0;0;0;0;0;0;0;0;0;0;0;0;;0;1;0;0;0
;;;;;;;;;;;;;1;;18;;0;0;0;0;0;0;0;0;0;0;0;0;0;;0;1;0;0;0
;;;;;;;;;;;;;1;;32;;0;0;0;0;0;0;0;0;0;0;0;0;0;;0;1;0;0;0
;;;;;;;;;;;;;1;;41;;0;0;0;0;0;0;0;0;0;0;0;0;0;;0;1;0;0;0
;;;;;;;;;;;;;2;;25;;0;0;0;0;0;0;0;0;0;0;0;0;0;;0;1;0;0;0
;;;;;;;;;;;;;1;;25;;0;0;0;0;0;0;0;0;0;0;0;0;0;;0;1;0;0;0
;;;;;;;;;;;;;2;;24;;0;0;0;0;0;0;0;0;0;0;0;0;0;;0;1;0;0;0
;;;;;;;;;;;;;1;;33;;0;0;0;0;0;0;0;0;0;0;0;0;0;;0;1;0;0;0
;;;;;;;;;;;;;2;;41;;0;0;0;0;0;0;0;0;0;0;0;0;0;;0;1;0;0;0
;;;;;;;;;;;;;2;;34;;0;0;0;0;0;0;0;0;0;0;0;0;0;;0;1;0;0;0
;;;;;;;;;;;;;2;;30;;0;0;0;0;0;0;0;0;0;0;0;0;0;;0;1;0;0;0
;;;;;;;;;;;;;2;;24;;0;0;0;0;0;0;0;0;0;0;0;0;0;;0;1;0;0;0
;;;;;;;;;;;;;1;;32;;0;0;0;0;0;0;0;0;0;0;0;0;0;;0;1;0;0;0
